{
    "train_loss": [
        0.08678181655704975,
        0.08684257604181767,
        0.08733519725501537,
        0.08629047684371471,
        0.08578494936227798,
        0.08540577255189419,
        0.08517048321664333,
        0.08447245135903358,
        0.08829998224973679,
        0.08318404480814934,
        0.08157142251729965,
        0.08010493218898773,
        0.0842248722910881,
        0.0766470804810524,
        0.0715444590896368,
        0.07847541756927967,
        0.07717138528823853,
        0.07402396574616432,
        0.07295660115778446,
        0.06531726010143757,
        0.07339286245405674,
        0.07615696545690298,
        0.06959922332316637,
        0.06682352442294359,
        0.06468944437801838,
        0.06476625427603722,
        0.05769283603876829,
        0.05977022834122181,
        0.06215187627822161,
        0.05562195461243391,
        0.048513732850551605,
        0.03878234885632992,
        0.05620794463902712,
        0.061338894069194794,
        0.041072310879826546,
        0.04057344887405634,
        0.05390789359807968,
        0.04184285458177328,
        0.04928674176335335,
        0.06225006189197302,
        0.05332757160067558,
        0.04897514171898365,
        0.04997171740978956,
        0.04956971574574709,
        0.05412130057811737,
        0.03730839770287275,
        0.04182935692369938,
        0.05053746700286865,
        0.04376213811337948,
        0.035056764259934425,
        0.0363390208221972,
        0.047031691297888756,
        0.04158000322058797,
        0.03995845280587673,
        0.033696806989610195,
        0.03768493141978979
    ],
    "train_accuracy": [
        42.96875,
        49.21875,
        42.96875,
        49.21875,
        57.03125,
        60.9375,
        57.03125,
        53.90625,
        53.125,
        65.625,
        60.15625,
        65.625,
        58.59375,
        63.28125,
        71.875,
        64.0625,
        66.40625,
        64.0625,
        68.75,
        73.4375,
        64.0625,
        67.1875,
        66.40625,
        75.0,
        78.125,
        72.65625,
        77.34375,
        77.34375,
        81.25,
        77.34375,
        85.9375,
        89.0625,
        79.6875,
        76.5625,
        85.15625,
        85.9375,
        82.03125,
        84.375,
        83.59375,
        77.34375,
        81.25,
        80.46875,
        85.15625,
        84.375,
        79.6875,
        91.40625,
        89.0625,
        81.25,
        85.15625,
        89.84375,
        89.0625,
        85.9375,
        90.625,
        85.9375,
        89.84375,
        87.5
    ],
    "val_loss": [
        0.08664234727621078,
        0.08665312826633453,
        0.08667189627885818,
        0.08675722032785416,
        0.08711609244346619,
        0.08679673820734024,
        0.08611445128917694,
        0.08647134155035019,
        0.0879114493727684,
        0.08946186304092407,
        0.09059290587902069,
        0.08851344138383865,
        0.07387282699346542,
        0.07312305271625519,
        0.07277023792266846,
        0.07501822710037231,
        0.07258257269859314,
        0.05992613360285759,
        0.06360574811697006,
        0.05483191832900047,
        0.05830825865268707,
        0.053995124995708466,
        0.04945249855518341,
        0.046571034938097,
        0.05398275703191757,
        0.05106841027736664,
        0.04955108463764191,
        0.046202048659324646,
        0.0438462495803833,
        0.04468965530395508,
        0.043924480676651,
        0.04344595968723297,
        0.04065684229135513,
        0.038798362016677856,
        0.03630929812788963,
        0.03635232523083687,
        0.035152506083250046,
        0.033530205488204956,
        0.030694523826241493,
        0.026503335684537888,
        0.024714557453989983,
        0.02541242726147175,
        0.02680298127233982,
        0.027464011684060097,
        0.028877178207039833,
        0.031172599643468857,
        0.033247195184230804,
        0.03409918025135994,
        0.03426763787865639,
        0.03417322412133217,
        0.03339577466249466,
        0.032346516847610474,
        0.03213214874267578,
        0.03166048973798752,
        0.030768398195505142,
        0.029994027689099312
    ],
    "val_accuracy": [
        50.0,
        50.0,
        50.0,
        50.0,
        50.0,
        50.0,
        53.125,
        50.0,
        50.0,
        50.0,
        50.0,
        50.0,
        84.375,
        68.75,
        71.875,
        75.0,
        78.125,
        84.375,
        75.0,
        75.0,
        78.125,
        84.375,
        87.5,
        87.5,
        87.5,
        87.5,
        81.25,
        84.375,
        90.625,
        87.5,
        90.625,
        87.5,
        84.375,
        84.375,
        87.5,
        84.375,
        87.5,
        87.5,
        87.5,
        90.625,
        93.75,
        90.625,
        93.75,
        93.75,
        93.75,
        87.5,
        87.5,
        87.5,
        87.5,
        90.625,
        90.625,
        90.625,
        90.625,
        90.625,
        93.75,
        93.75
    ],
    "val_auc": [
        0.62890625,
        0.62890625,
        0.7109375,
        0.71875,
        0.68359375,
        0.69921875,
        0.7578125,
        0.7578125,
        0.796875,
        0.7890625,
        0.84375,
        0.8359375,
        0.83203125,
        0.8125,
        0.80078125,
        0.7890625,
        0.7890625,
        0.8828125,
        0.87890625,
        0.93359375,
        0.91796875,
        0.9453125,
        0.95703125,
        0.96484375,
        0.93359375,
        0.95703125,
        0.953125,
        0.95703125,
        0.96484375,
        0.96484375,
        0.96484375,
        0.96484375,
        0.9609375,
        0.96875,
        0.9765625,
        0.97265625,
        0.96875,
        0.97265625,
        0.98046875,
        0.984375,
        0.984375,
        0.984375,
        0.98046875,
        0.97265625,
        0.97265625,
        0.96484375,
        0.96875,
        0.96484375,
        0.95703125,
        0.95703125,
        0.9609375,
        0.9609375,
        0.96484375,
        0.96484375,
        0.96875,
        0.96875
    ],
    "epochs": [
        0,
        1,
        2,
        3,
        4,
        5,
        6,
        7,
        8,
        9,
        10,
        11,
        12,
        13,
        14,
        15,
        16,
        17,
        18,
        19,
        20,
        21,
        22,
        23,
        24,
        25,
        26,
        27,
        28,
        29,
        30,
        31,
        32,
        33,
        34,
        35,
        36,
        37,
        38,
        39,
        40,
        41,
        42,
        43,
        44,
        45,
        46,
        47,
        48,
        49,
        50,
        51,
        52,
        53,
        54,
        55
    ],
    "learning_rates": []
}