{
    "train_loss": [
        0.6933011412620544,
        0.6939945816993713,
        0.6931923925876617,
        0.6954909861087799,
        0.6867305338382721,
        0.6892102062702179,
        0.677508994936943,
        0.6753309518098831,
        0.6719910502433777,
        0.6642639636993408,
        0.6516772657632828,
        0.6401933580636978,
        0.6168147176504135,
        0.630969762802124,
        0.6048955768346786,
        0.6160905808210373,
        0.5746070742607117,
        0.5228712037205696,
        0.5394249111413956,
        0.5364270731806755,
        0.5233113765716553,
        0.5336039140820503,
        0.5210763737559319,
        0.4838419184088707,
        0.5131288468837738,
        0.48656364530324936,
        0.4305025488138199,
        0.4378424659371376,
        0.4538643956184387,
        0.37641824781894684,
        0.46510884165763855,
        0.44000960886478424,
        0.3954177722334862,
        0.4231140464544296,
        0.3667026460170746,
        0.4595651775598526,
        0.3895500600337982,
        0.4319445341825485,
        0.37388042360544205,
        0.2727172076702118,
        0.4106598272919655,
        0.36876245588064194,
        0.3826175630092621,
        0.3288488909602165,
        0.3364315778017044
    ],
    "train_accuracy": [
        52.34375,
        48.4375,
        48.4375,
        44.53125,
        64.0625,
        51.5625,
        60.9375,
        66.40625,
        57.8125,
        61.71875,
        68.75,
        67.1875,
        72.65625,
        62.5,
        66.40625,
        67.1875,
        65.625,
        79.6875,
        71.875,
        71.875,
        71.09375,
        71.875,
        76.5625,
        80.46875,
        71.875,
        75.0,
        78.90625,
        80.46875,
        80.46875,
        84.375,
        78.90625,
        79.6875,
        88.28125,
        81.25,
        85.9375,
        80.46875,
        83.59375,
        77.34375,
        84.375,
        92.1875,
        77.34375,
        87.5,
        84.375,
        86.71875,
        85.15625
    ],
    "val_loss": [
        0.6931474208831787,
        0.6931421160697937,
        0.6930832862854004,
        0.693023145198822,
        0.6928672790527344,
        0.6928161978721619,
        0.6924210786819458,
        0.6921705603599548,
        0.6911863088607788,
        0.6885344982147217,
        0.677888035774231,
        0.6552449464797974,
        0.6139592528343201,
        0.5749880075454712,
        0.5602238178253174,
        0.5188631415367126,
        0.473104864358902,
        0.43759623169898987,
        0.4390293061733246,
        0.43432000279426575,
        0.4333316683769226,
        0.46076908707618713,
        0.4685390293598175,
        0.44777777791023254,
        0.43711209297180176,
        0.42037278413772583,
        0.39503878355026245,
        0.3719165027141571,
        0.352202445268631,
        0.32511407136917114,
        0.31069648265838623,
        0.3041195869445801,
        0.30182063579559326,
        0.2831560969352722,
        0.2686683237552643,
        0.24770979583263397,
        0.24037495255470276,
        0.23269200325012207,
        0.22852148115634918,
        0.23163779079914093,
        0.22165414690971375,
        0.2202872633934021,
        0.22497160732746124,
        0.22315701842308044,
        0.21789298951625824
    ],
    "val_accuracy": [
        50.0,
        50.0,
        50.0,
        50.0,
        50.0,
        50.0,
        50.0,
        50.0,
        50.0,
        50.0,
        53.125,
        59.375,
        65.625,
        75.0,
        78.125,
        78.125,
        81.25,
        87.5,
        84.375,
        90.625,
        90.625,
        81.25,
        81.25,
        78.125,
        78.125,
        75.0,
        81.25,
        84.375,
        87.5,
        93.75,
        87.5,
        87.5,
        93.75,
        93.75,
        93.75,
        93.75,
        93.75,
        93.75,
        93.75,
        93.75,
        93.75,
        93.75,
        93.75,
        93.75,
        93.75
    ],
    "val_auc": [
        0.564453125,
        0.546875,
        0.578125,
        0.7265625,
        0.76953125,
        0.71484375,
        0.640625,
        0.63671875,
        0.75,
        0.82421875,
        0.8359375,
        0.8515625,
        0.8515625,
        0.86328125,
        0.8984375,
        0.92578125,
        0.9296875,
        0.9375,
        0.91796875,
        0.9140625,
        0.91796875,
        0.90234375,
        0.8671875,
        0.90625,
        0.91015625,
        0.9140625,
        0.93359375,
        0.953125,
        0.9609375,
        0.96875,
        0.9765625,
        0.97265625,
        0.9765625,
        0.984375,
        0.9921875,
        0.99609375,
        0.99609375,
        0.99609375,
        0.99609375,
        0.99609375,
        0.99609375,
        0.99609375,
        0.99609375,
        0.99609375,
        0.9921875
    ],
    "epochs": [
        0,
        1,
        2,
        3,
        4,
        5,
        6,
        7,
        8,
        9,
        10,
        11,
        12,
        13,
        14,
        15,
        16,
        17,
        18,
        19,
        20,
        21,
        22,
        23,
        24,
        25,
        26,
        27,
        28,
        29,
        30,
        31,
        32,
        33,
        34,
        35,
        36,
        37,
        38,
        39,
        40,
        41,
        42,
        43,
        44
    ],
    "learning_rates": []
}