{
    "train_loss": [
        0.6936335563659668,
        0.6917825490236282,
        0.6913629472255707,
        0.6877801716327667,
        0.6882965713739395,
        0.6831333190202713,
        0.6731414943933487,
        0.6766761392354965,
        0.6578909754753113,
        0.6535054743289948,
        0.6227051615715027,
        0.6140974014997482,
        0.6315631717443466,
        0.5796647816896439,
        0.6432460695505142,
        0.6065928488969803,
        0.5928657501935959,
        0.6202323287725449,
        0.5629401803016663,
        0.5190632417798042,
        0.5650387108325958,
        0.5486221686005592,
        0.49032074213027954,
        0.5246929675340652,
        0.5328951627016068,
        0.5520093441009521,
        0.4520054906606674,
        0.47439512610435486,
        0.4673735201358795,
        0.5009583681821823,
        0.508969709277153,
        0.4073668196797371,
        0.4210960566997528,
        0.4078843295574188,
        0.4157378450036049,
        0.4791077896952629,
        0.43993011862039566,
        0.4369647949934006,
        0.40160365402698517,
        0.3706207647919655
    ],
    "train_accuracy": [
        46.875,
        53.125,
        54.6875,
        57.03125,
        50.78125,
        58.59375,
        60.9375,
        59.375,
        65.625,
        57.8125,
        69.53125,
        64.84375,
        67.1875,
        69.53125,
        62.5,
        63.28125,
        65.625,
        65.625,
        71.875,
        75.0,
        70.3125,
        71.875,
        78.125,
        75.0,
        68.75,
        74.21875,
        82.8125,
        76.5625,
        78.125,
        77.34375,
        75.78125,
        81.25,
        82.8125,
        79.6875,
        83.59375,
        78.90625,
        78.125,
        80.46875,
        79.6875,
        80.46875
    ],
    "val_loss": [
        0.6931440830230713,
        0.6931267976760864,
        0.6930468082427979,
        0.6932001709938049,
        0.6956745386123657,
        0.702328085899353,
        0.6971532702445984,
        0.6884687542915344,
        0.682184100151062,
        0.6777822971343994,
        0.6702072024345398,
        0.659180760383606,
        0.6439647674560547,
        0.6281293630599976,
        0.5983574390411377,
        0.5735042691230774,
        0.5552449226379395,
        0.5269852876663208,
        0.5214338898658752,
        0.5128040313720703,
        0.49747806787490845,
        0.49032413959503174,
        0.4595659375190735,
        0.4425440728664398,
        0.42316994071006775,
        0.4018900394439697,
        0.4042512774467468,
        0.39951562881469727,
        0.3397557735443115,
        0.3198932707309723,
        0.32085689902305603,
        0.30824995040893555,
        0.2895656228065491,
        0.2948112487792969,
        0.2949729263782501,
        0.3004988133907318,
        0.2944115698337555,
        0.27055442333221436,
        0.2642541229724884,
        0.23940177261829376
    ],
    "val_accuracy": [
        50.0,
        56.25,
        50.0,
        50.0,
        50.0,
        50.0,
        50.0,
        50.0,
        50.0,
        50.0,
        59.375,
        68.75,
        75.0,
        71.875,
        71.875,
        68.75,
        71.875,
        78.125,
        81.25,
        84.375,
        84.375,
        90.625,
        87.5,
        87.5,
        93.75,
        78.125,
        78.125,
        81.25,
        87.5,
        93.75,
        93.75,
        90.625,
        93.75,
        90.625,
        90.625,
        90.625,
        90.625,
        87.5,
        87.5,
        90.625
    ],
    "val_auc": [
        0.701171875,
        0.75390625,
        0.72265625,
        0.625,
        0.6640625,
        0.6796875,
        0.7421875,
        0.74609375,
        0.7578125,
        0.77734375,
        0.8203125,
        0.8125,
        0.80078125,
        0.80859375,
        0.82421875,
        0.85546875,
        0.87890625,
        0.90625,
        0.91015625,
        0.921875,
        0.92578125,
        0.91796875,
        0.91015625,
        0.94140625,
        0.9609375,
        0.95703125,
        0.96875,
        0.95703125,
        0.9765625,
        0.98046875,
        0.96484375,
        0.97265625,
        1.0,
        0.9921875,
        0.9921875,
        0.984375,
        0.984375,
        0.98828125,
        0.98828125,
        0.98828125
    ],
    "epochs": [
        0,
        1,
        2,
        3,
        4,
        5,
        6,
        7,
        8,
        9,
        10,
        11,
        12,
        13,
        14,
        15,
        16,
        17,
        18,
        19,
        20,
        21,
        22,
        23,
        24,
        25,
        26,
        27,
        28,
        29,
        30,
        31,
        32,
        33,
        34,
        35,
        36,
        37,
        38,
        39
    ],
    "learning_rates": []
}